10 seconds later,https://meme.agsmartit.com/test/10_seconds_later.jpg,1
10guy,https://meme.agsmartit.com/test/10guy.jpg,1
12 seconds later,https://meme.agsmartit.com/test/12_seconds_later.jpg,1
15 minutes later,https://meme.agsmartit.com/test/15_minutes_later.jpg,1
1 minute 37 seconds,https://meme.agsmartit.com/test/1_minute_37_seconds.jpg,1
2000 years later,https://meme.agsmartit.com/test/2000_years_later.jpg,1
3000 years later,https://meme.agsmartit.com/test/3000_years_later.jpg,1
346 minutes later,https://meme.agsmartit.com/test/346_minutes_later.jpg,1
3 28 am,https://meme.agsmartit.com/test/3_28_am.jpg,1
3 days later,https://meme.agsmartit.com/test/3_days_later.jpg,2
3 days later 2,https://meme.agsmartit.com/test/3_days_later_2.jpg,2
3 days later 3,https://meme.agsmartit.com/test/3_days_later_3.jpg,2
3 days later 4,https://meme.agsmartit.com/test/3_days_later_4.jpg,2
3 days later 5,https://meme.agsmartit.com/test/3_days_later_5.jpg,2
3 hours later,https://meme.agsmartit.com/test/3_hours_later.jpg,2
48 hours later,https://meme.agsmartit.com/test/48_hours_later.jpg,2
4 to 6 weeks later,https://meme.agsmartit.com/test/4_to_6_weeks_later.jpg,2
5 minutes later,https://meme.agsmartit.com/test/5_minutes_later.jpg,2
6 half hours later,https://meme.agsmartit.com/test/6_half_hours_later.jpg,3
6 months later,https://meme.agsmartit.com/test/6_months_later.jpg,3
7 59 am,https://meme.agsmartit.com/test/7_59_am.jpg,3
7 hours later,https://meme.agsmartit.com/test/7_hours_later.jpg,3
8 01 pm,https://meme.agsmartit.com/test/8_01_pm.jpg,3
8 hours later,https://meme.agsmartit.com/test/8_hours_later.jpg,3
Aint no body got time fo dat,https://meme.agsmartit.com/test/Aint%20no%20body%20got%20time%20fo%20dat.jpg,3
Angry.png,https://meme.agsmartit.com/test/Angry.png,3
AsianTroll.png,https://meme.agsmartit.com/test/AsianTroll.png,3
AwwYeah.png,https://meme.agsmartit.com/test/AwwYeah.png,4
BabyTroll.png,https://meme.agsmartit.com/test/BabyTroll.png,4
Baww.png,https://meme.agsmartit.com/test/Baww.png,4
BeerGuy.png,https://meme.agsmartit.com/test/BeerGuy.png,4
Beyon,https://meme.agsmartit.com/test/Beyon.jpg,4
BigGrin.png,https://meme.agsmartit.com/test/BigGrin.png,4
Black.png,https://meme.agsmartit.com/test/Black.png,4
BlackGuy.png,https://meme.agsmartit.com/test/BlackGuy.png,4
BlackGuyBeaten.png,https://meme.agsmartit.com/test/BlackGuyBeaten.png,4
BlackHair.png,https://meme.agsmartit.com/test/BlackHair.png,5
BlackRage.png,https://meme.agsmartit.com/test/BlackRage.png,5
Blond.png,https://meme.agsmartit.com/test/Blond.png,5
Blond2.png,https://meme.agsmartit.com/test/Blond2.png,5
BlondHair.png,https://meme.agsmartit.com/test/BlondHair.png,5
Brunette.png,https://meme.agsmartit.com/test/Brunette.png,5
Canadian.png,https://meme.agsmartit.com/test/Canadian.png,5
CerealGuy.png,https://meme.agsmartit.com/test/CerealGuy.png,5
CerealSpitting.png,https://meme.agsmartit.com/test/CerealSpitting.png,5
ChallengeAccepted.png,https://meme.agsmartit.com/test/ChallengeAccepted.png,6
CleanFuckYea.png,https://meme.agsmartit.com/test/CleanFuckYea.png,6
CloseEnough.png,https://meme.agsmartit.com/test/CloseEnough.png,6
Concentrated.png,https://meme.agsmartit.com/test/Concentrated.png,6
Concentrated2.png,https://meme.agsmartit.com/test/Concentrated2.png,6
ConflictingEmotions.png,https://meme.agsmartit.com/test/ConflictingEmotions.png,6
Dat face,https://meme.agsmartit.com/test/Dat%20face.jpg,6
Deleted Meme,https://meme.agsmartit.com/test/Deleted%20Meme.jpg,6
Demoman.png,https://meme.agsmartit.com/test/Demoman.png,6
Derp Hitler,https://meme.agsmartit.com/test/Derp_Hitler.jpg,7
Derrrp.png,https://meme.agsmartit.com/test/Derrrp.png,7
Determined.png,https://meme.agsmartit.com/test/Determined.png,7
Devil.png,https://meme.agsmartit.com/test/Devil.png,7
Dog,https://meme.agsmartit.com/test/Dog.jpg,7
DudeComeOn.png,https://meme.agsmartit.com/test/DudeComeOn.png,7
EWBTE.png,https://meme.agsmartit.com/test/EWBTE.png,7
EWBTE2.png,https://meme.agsmartit.com/test/EWBTE2.png,7
Engineer.png,https://meme.agsmartit.com/test/Engineer.png,7
EpicBeardGuy.png,https://meme.agsmartit.com/test/EpicBeardGuy.png,8
EpicFailGuy.png,https://meme.agsmartit.com/test/EpicFailGuy.png,8
ExcitedTroll.png,https://meme.agsmartit.com/test/ExcitedTroll.png,8
FapFap.png,https://meme.agsmartit.com/test/FapFap.png,8
FemaleHappy.png,https://meme.agsmartit.com/test/FemaleHappy.png,8
FemaleMilk.png,https://meme.agsmartit.com/test/FemaleMilk.png,8
FemaleRage.png,https://meme.agsmartit.com/test/FemaleRage.png,8
FemaleRage2.png,https://meme.agsmartit.com/test/FemaleRage2.png,8
FemaleRetarded.png,https://meme.agsmartit.com/test/FemaleRetarded.png,8
ForeverAlone.png,https://meme.agsmartit.com/test/ForeverAlone.png,9
ForeverAloneExcited.png,https://meme.agsmartit.com/test/ForeverAloneExcited.png,9
French.png,https://meme.agsmartit.com/test/French.png,9
FuckYea.png,https://meme.agsmartit.com/test/FuckYea.png,9
FuckYeaFemale.png,https://meme.agsmartit.com/test/FuckYeaFemale.png,9
FullPanel.png,https://meme.agsmartit.com/test/FullPanel.png,9
Fuuuuuuu,https://meme.agsmartit.com/test/Fuuuuuuu.jpg,9
GTFO.png,https://meme.agsmartit.com/test/GTFO.png,9
Gasp.png,https://meme.agsmartit.com/test/Gasp.png,9
Gay.png,https://meme.agsmartit.com/test/Gay.png,10
GirlFapFap.png,https://meme.agsmartit.com/test/GirlFapFap.png,10
Grandma.png,https://meme.agsmartit.com/test/Grandma.png,10
GrandmaInTheDark.png,https://meme.agsmartit.com/test/GrandmaInTheDark.png,10
GrannyTroll.png,https://meme.agsmartit.com/test/GrannyTroll.png,10
GrayHair.png,https://meme.agsmartit.com/test/GrayHair.png,10
Happy.png,https://meme.agsmartit.com/test/Happy.png,10
HatAndMonocle.png,https://meme.agsmartit.com/test/HatAndMonocle.png,10
Heavy.png,https://meme.agsmartit.com/test/Heavy.png,10
HeckNo.png,https://meme.agsmartit.com/test/HeckNo.png,11
Hehehe.png,https://meme.agsmartit.com/test/Hehehe.png,11
HerpDerp.png,https://meme.agsmartit.com/test/HerpDerp.png,11
High.png,https://meme.agsmartit.com/test/High.png,11
Hip.png,https://meme.agsmartit.com/test/Hip.png,11
Hitler.png,https://meme.agsmartit.com/test/Hitler.png,11
Horror.png,https://meme.agsmartit.com/test/Horror.png,11
I got you bro,https://meme.agsmartit.com/test/I%20got%20you%20bro.jpg,11
IamDisappointed.png,https://meme.agsmartit.com/test/IamDisappointed.png,11
It wasnt me,https://meme.agsmartit.com/test/It%20wasnt%20me.jpg,12
LOL.png,https://meme.agsmartit.com/test/LOL.png,12
Laughing.png,https://meme.agsmartit.com/test/Laughing.png,12
Left.png,https://meme.agsmartit.com/test/Left.png,12
LongBlackHair1.png,https://meme.agsmartit.com/test/LongBlackHair1.png,12
LongBlackHair2.png,https://meme.agsmartit.com/test/LongBlackHair2.png,12
MeGusta.png,https://meme.agsmartit.com/test/MeGusta.png,12
MeGustaCreepy.png,https://meme.agsmartit.com/test/MeGustaCreepy.png,12
Medic.png,https://meme.agsmartit.com/test/Medic.png,12
Melvin.png,https://meme.agsmartit.com/test/Melvin.png,13
MelvinBowTie.png,https://meme.agsmartit.com/test/MelvinBowTie.png,13
MelvinGlasses.png,https://meme.agsmartit.com/test/MelvinGlasses.png,13
MelvinHair.png,https://meme.agsmartit.com/test/MelvinHair.png,13
Milk.png,https://meme.agsmartit.com/test/Milk.png,13
Minecraft,https://meme.agsmartit.com/test/Minecraft.jpg,13
MouthOpen.png,https://meme.agsmartit.com/test/MouthOpen.png,13
Need an A,https://meme.agsmartit.com/test/Need%20an%20A.jpg,13
NewspaperGuy.png,https://meme.agsmartit.com/test/NewspaperGuy.png,13
NewspaperGuyTear.png,https://meme.agsmartit.com/test/NewspaperGuyTear.png,14
No,https://meme.agsmartit.com/test/No.jpg,14
NotOkay.png,https://meme.agsmartit.com/test/NotOkay.png,14
Okay.png,https://meme.agsmartit.com/test/Okay.png,14
OperaHat,https://meme.agsmartit.com/test/OperaHat.jpg,14
OriginalRage.png,https://meme.agsmartit.com/test/OriginalRage.png,14
OriginalTroll.png,https://meme.agsmartit.com/test/OriginalTroll.png,14
PFFFTCCHCHCHHFFFTTT.png,https://meme.agsmartit.com/test/PFFFTCCHCHCHHFFFTTT.png,14
PFFT.png,https://meme.agsmartit.com/test/PFFT.png,14
Pig.png,https://meme.agsmartit.com/test/Pig.png,15
Please,https://meme.agsmartit.com/test/Please.jpg,15
PokerFace.png,https://meme.agsmartit.com/test/PokerFace.png,15
PokerFace2.png,https://meme.agsmartit.com/test/PokerFace2.png,15
Potter,https://meme.agsmartit.com/test/Potter.jpg,15
Prrrr.png,https://meme.agsmartit.com/test/Prrrr.png,15
Pyro.png,https://meme.agsmartit.com/test/Pyro.png,15
Rage1.png,https://meme.agsmartit.com/test/Rage1.png,15
Rage2.png,https://meme.agsmartit.com/test/Rage2.png,15
RedEyes.png,https://meme.agsmartit.com/test/RedEyes.png,16
RedditAlien,https://meme.agsmartit.com/test/RedditAlien.jpg,16
RedditAlien.png,https://meme.agsmartit.com/test/RedditAlien.png,16
RedditAlien2,https://meme.agsmartit.com/test/RedditAlien2.jpg,16
RedditAlien3,https://meme.agsmartit.com/test/RedditAlien3.jpg,16
RetardDog.png,https://meme.agsmartit.com/test/RetardDog.png,16
SadTroll.png,https://meme.agsmartit.com/test/SadTroll.png,16
Scout.png,https://meme.agsmartit.com/test/Scout.png,16
YUNO.png,https://meme.agsmartit.com/test/YUNO.png,16
a few inches later,https://meme.agsmartit.com/test/a_few_inches_later.jpg,17
a few minutes later,https://meme.agsmartit.com/test/a_few_minutes_later.jpg,17
a few moments later,https://meme.agsmartit.com/test/a_few_moments_later.jpg,17
accidentally open internet explorer,https://meme.agsmartit.com/test/accidentally_open_internet_explorer.jpg,17
actually,https://meme.agsmartit.com/test/actually.jpg,17
advice dog,https://meme.agsmartit.com/test/advice_dog.jpg,17
advice god,https://meme.agsmartit.com/test/advice_god.jpg,17
advice yoda gives,https://meme.agsmartit.com/test/advice_yoda_gives.jpg,17
aint that some shit,https://meme.agsmartit.com/test/aint_that_some_shit.jpg,17
alien,https://meme.agsmartit.com/test/alien.jpg,18
all the things fuu,https://meme.agsmartit.com/test/all_the_things_fuu.jpg,18
all the things sad,https://meme.agsmartit.com/test/all_the_things_sad.jpg,18
angry bang,https://meme.agsmartit.com/test/angry_bang.jpg,18
angry dark stare,https://meme.agsmartit.com/test/angry_dark_stare.jpg,18
angry head shake,https://meme.agsmartit.com/test/angry_head_shake.jpg,18
angry mom,https://meme.agsmartit.com/test/angry_mom.jpg,18
angry mouth,https://meme.agsmartit.com/test/angry_mouth.jpg,18
angry school boy,https://meme.agsmartit.com/test/angry_school_boy.jpg,18
angry shaking,https://meme.agsmartit.com/test/angry_shaking.jpg,19
angry with pc,https://meme.agsmartit.com/test/angry_with_pc.jpg,19
annoying childhood friend,https://meme.agsmartit.com/test/annoying_childhood_friend.jpg,19
annoying facebook girl,https://meme.agsmartit.com/test/annoying_facebook_girl.jpg,19
anonymous mask,https://meme.agsmartit.com/test/anonymous_mask.jpg,19
anti joke chicken,https://meme.agsmartit.com/test/anti_joke_chicken.jpg,19
are you fucking kidding me,https://meme.agsmartit.com/test/are_you_fucking_kidding_me.jpg,19
are you fucking kidding me clean,https://meme.agsmartit.com/test/are_you_fucking_kidding_me_clean.jpg,19
arrow in knee,https://meme.agsmartit.com/test/arrow_in_knee.jpg,19
art student owl,https://meme.agsmartit.com/test/art_student_owl.jpg,20
awkward moment,https://meme.agsmartit.com/test/awkward_moment.jpg,20
aww yeah,https://meme.agsmartit.com/test/aww_yeah.jpg,20
baby godfather,https://meme.agsmartit.com/test/baby_godfather.jpg,20
baby troll,https://meme.agsmartit.com/test/baby_troll.jpg,20
bad advice cat,https://meme.agsmartit.com/test/bad_advice_cat.jpg,20
bad luck brian,https://meme.agsmartit.com/test/bad_luck_brian.jpg,20
bad pokerface,https://meme.agsmartit.com/test/bad_pokerface.jpg,20
bear grylls,https://meme.agsmartit.com/test/bear_grylls.jpg,20
beard guy,https://meme.agsmartit.com/test/beard_guy.jpg,21
beer guy,https://meme.agsmartit.com/test/beer_guy.jpg,21
beng,https://meme.agsmartit.com/test/beng.jpg,21
big smile,https://meme.agsmartit.com/test/big_smile.jpg,21
bill oreilly,https://meme.agsmartit.com/test/bill_oreilly.jpg,21
bitchslap,https://meme.agsmartit.com/test/bitchslap.jpg,21
black big smile,https://meme.agsmartit.com/test/black_big_smile.jpg,21
black concentrated,https://meme.agsmartit.com/test/black_concentrated.jpg,21
black crying,https://meme.agsmartit.com/test/black_crying.jpg,21
black dazed,https://meme.agsmartit.com/test/black_dazed.jpg,22
black determined,https://meme.agsmartit.com/test/black_determined.jpg,22
black dude,https://meme.agsmartit.com/test/black_dude.jpg,22
black dumbfounded,https://meme.agsmartit.com/test/black_dumbfounded.jpg,22
black ewbte,https://meme.agsmartit.com/test/black_ewbte.jpg,22
black excited,https://meme.agsmartit.com/test/black_excited.jpg,22
black excited bliss,https://meme.agsmartit.com/test/black_excited_bliss.jpg,22
black excited tears,https://meme.agsmartit.com/test/black_excited_tears.jpg,22
black facepalm,https://meme.agsmartit.com/test/black_facepalm.jpg,22
black fake smile,https://meme.agsmartit.com/test/black_fake_smile.jpg,23
black forever alone,https://meme.agsmartit.com/test/black_forever_alone.jpg,23
black freddie,https://meme.agsmartit.com/test/black_freddie.jpg,23
black fuck that bitch,https://meme.agsmartit.com/test/black_fuck_that_bitch.jpg,23
black fuck yeah,https://meme.agsmartit.com/test/black_fuck_yeah.jpg,23
black gasp,https://meme.agsmartit.com/test/black_gasp.jpg,23
black gasp2,https://meme.agsmartit.com/test/black_gasp2.jpg,23
black guy gun,https://meme.agsmartit.com/test/black_guy_gun.jpg,23
black happy,https://meme.agsmartit.com/test/black_happy.jpg,23
black hmmm,https://meme.agsmartit.com/test/black_hmmm.jpg,24
black i wonder,https://meme.agsmartit.com/test/black_i_wonder.jpg,24
black ladystare,https://meme.agsmartit.com/test/black_ladystare.jpg,24
black ladystare2,https://meme.agsmartit.com/test/black_ladystare2.jpg,24
black lean,https://meme.agsmartit.com/test/black_lean.jpg,24
black lol,https://meme.agsmartit.com/test/black_lol.jpg,24
black me gusta,https://meme.agsmartit.com/test/black_me_gusta.jpg,24
black milk,https://meme.agsmartit.com/test/black_milk.jpg,24
black normal,https://meme.agsmartit.com/test/black_normal.jpg,24
black normal2,https://meme.agsmartit.com/test/black_normal2.jpg,25
black okay,https://meme.agsmartit.com/test/black_okay.jpg,25
black omgrun,https://meme.agsmartit.com/test/black_omgrun.jpg,25
black pfft,https://meme.agsmartit.com/test/black_pfft.jpg,25
black quite,https://meme.agsmartit.com/test/black_quite.jpg,25
black rage,https://meme.agsmartit.com/test/black_rage.jpg,25
black rage2,https://meme.agsmartit.com/test/black_rage2.jpg,25
black rage canadian,https://meme.agsmartit.com/test/black_rage_canadian.jpg,25
black rage extreme,https://meme.agsmartit.com/test/black_rage_extreme.jpg,25
black rage extreme2,https://meme.agsmartit.com/test/black_rage_extreme2.jpg,26
black rage foaming,https://meme.agsmartit.com/test/black_rage_foaming.jpg,26
black rage getting pissed,https://meme.agsmartit.com/test/black_rage_getting_pissed.jpg,26
black rage mad,https://meme.agsmartit.com/test/black_rage_mad.jpg,26
black rage mad2,https://meme.agsmartit.com/test/black_rage_mad2.jpg,26
black rage quiet,https://meme.agsmartit.com/test/black_rage_quiet.jpg,26
black rage shaking,https://meme.agsmartit.com/test/black_rage_shaking.jpg,26
black rage super,https://meme.agsmartit.com/test/black_rage_super.jpg,26
black really determined,https://meme.agsmartit.com/test/black_really_determined.jpg,26
black red tongue,https://meme.agsmartit.com/test/black_red_tongue.jpg,27
black schlick,https://meme.agsmartit.com/test/black_schlick.jpg,27
black smile,https://meme.agsmartit.com/test/black_smile.jpg,27
black sweet tears,https://meme.agsmartit.com/test/black_sweet_tears.jpg,27
black tongue down,https://meme.agsmartit.com/test/black_tongue_down.jpg,27
black troll,https://meme.agsmartit.com/test/black_troll.jpg,27
black troll sad,https://meme.agsmartit.com/test/black_troll_sad.jpg,27
black what,https://meme.agsmartit.com/test/black_what.jpg,27
black why,https://meme.agsmartit.com/test/black_why.jpg,27
black why no hands,https://meme.agsmartit.com/test/black_why_no_hands.jpg,28
black wut,https://meme.agsmartit.com/test/black_wut.jpg,28
blackhair,https://meme.agsmartit.com/test/blackhair.jpg,28
blackhair2,https://meme.agsmartit.com/test/blackhair2.jpg,28
blackhair3,https://meme.agsmartit.com/test/blackhair3.jpg,28
blankhair,https://meme.agsmartit.com/test/blankhair.jpg,28
blonde big smile,https://meme.agsmartit.com/test/blonde_big_smile.jpg,28
blonde concentrated,https://meme.agsmartit.com/test/blonde_concentrated.jpg,28
blonde crying,https://meme.agsmartit.com/test/blonde_crying.jpg,28
blonde dazed,https://meme.agsmartit.com/test/blonde_dazed.jpg,29
blonde determined,https://meme.agsmartit.com/test/blonde_determined.jpg,29
blonde dude,https://meme.agsmartit.com/test/blonde_dude.jpg,29
blonde dumbfounded,https://meme.agsmartit.com/test/blonde_dumbfounded.jpg,29
blonde ewbte,https://meme.agsmartit.com/test/blonde_ewbte.jpg,29
blonde excited,https://meme.agsmartit.com/test/blonde_excited.jpg,29
blonde excited bliss,https://meme.agsmartit.com/test/blonde_excited_bliss.jpg,29
blonde excited tears,https://meme.agsmartit.com/test/blonde_excited_tears.jpg,29
blonde facepalm,https://meme.agsmartit.com/test/blonde_facepalm.jpg,29
blonde fake smile,https://meme.agsmartit.com/test/blonde_fake_smile.jpg,30
blonde forever alone,https://meme.agsmartit.com/test/blonde_forever_alone.jpg,30
blonde freddie,https://meme.agsmartit.com/test/blonde_freddie.jpg,30
blonde fuck that bitch,https://meme.agsmartit.com/test/blonde_fuck_that_bitch.jpg,30
blonde fuck yeah,https://meme.agsmartit.com/test/blonde_fuck_yeah.jpg,30
blonde gasp,https://meme.agsmartit.com/test/blonde_gasp.jpg,30
blonde gasp2,https://meme.agsmartit.com/test/blonde_gasp2.jpg,30
blonde genius,https://meme.agsmartit.com/test/blonde_genius.jpg,30
blonde happy,https://meme.agsmartit.com/test/blonde_happy.jpg,30
blonde hmmm,https://meme.agsmartit.com/test/blonde_hmmm.jpg,31
blonde i wonder,https://meme.agsmartit.com/test/blonde_i_wonder.jpg,31
blonde ladystare,https://meme.agsmartit.com/test/blonde_ladystare.jpg,31
blonde ladystare2,https://meme.agsmartit.com/test/blonde_ladystare2.jpg,31
blonde lean,https://meme.agsmartit.com/test/blonde_lean.jpg,31
blonde lol,https://meme.agsmartit.com/test/blonde_lol.jpg,31
blonde me gusta,https://meme.agsmartit.com/test/blonde_me_gusta.jpg,31
blonde milk,https://meme.agsmartit.com/test/blonde_milk.jpg,31
blonde normal,https://meme.agsmartit.com/test/blonde_normal.jpg,31
blonde normal2,https://meme.agsmartit.com/test/blonde_normal2.jpg,32
blonde okay,https://meme.agsmartit.com/test/blonde_okay.jpg,32
blonde omgrun,https://meme.agsmartit.com/test/blonde_omgrun.jpg,32
blonde pfft,https://meme.agsmartit.com/test/blonde_pfft.jpg,32
blonde quite,https://meme.agsmartit.com/test/blonde_quite.jpg,32
blonde rage,https://meme.agsmartit.com/test/blonde_rage.jpg,32
blonde rage2,https://meme.agsmartit.com/test/blonde_rage2.jpg,32
blonde rage canadian,https://meme.agsmartit.com/test/blonde_rage_canadian.jpg,32
blonde rage extreme,https://meme.agsmartit.com/test/blonde_rage_extreme.jpg,32
blonde rage extreme2,https://meme.agsmartit.com/test/blonde_rage_extreme2.jpg,33
blonde rage foaming,https://meme.agsmartit.com/test/blonde_rage_foaming.jpg,33
blonde rage getting pissed,https://meme.agsmartit.com/test/blonde_rage_getting_pissed.jpg,33
blonde rage mad,https://meme.agsmartit.com/test/blonde_rage_mad.jpg,33
blonde rage mad2,https://meme.agsmartit.com/test/blonde_rage_mad2.jpg,33
blonde rage quiet,https://meme.agsmartit.com/test/blonde_rage_quiet.jpg,33
blonde rage shaking,https://meme.agsmartit.com/test/blonde_rage_shaking.jpg,33
blonde rage super,https://meme.agsmartit.com/test/blonde_rage_super.jpg,33
blonde really determined,https://meme.agsmartit.com/test/blonde_really_determined.jpg,33
blonde red tongue,https://meme.agsmartit.com/test/blonde_red_tongue.jpg,34
blonde schlick,https://meme.agsmartit.com/test/blonde_schlick.jpg,34
blonde smile,https://meme.agsmartit.com/test/blonde_smile.jpg,34
blonde sweet tears,https://meme.agsmartit.com/test/blonde_sweet_tears.jpg,34
blonde tongue down,https://meme.agsmartit.com/test/blonde_tongue_down.jpg,34
blonde troll,https://meme.agsmartit.com/test/blonde_troll.jpg,34
blonde troll sad,https://meme.agsmartit.com/test/blonde_troll_sad.jpg,34
blonde what,https://meme.agsmartit.com/test/blonde_what.jpg,34
blonde why,https://meme.agsmartit.com/test/blonde_why.jpg,34
blonde why no hands,https://meme.agsmartit.com/test/blonde_why_no_hands.jpg,35
blonde wut,https://meme.agsmartit.com/test/blonde_wut.jpg,35
blondehair,https://meme.agsmartit.com/test/blondehair.jpg,35
blue y u no,https://meme.agsmartit.com/test/blue_y_u_no.jpg,35
blushing,https://meme.agsmartit.com/test/blushing.jpg,35
boobs,https://meme.agsmartit.com/test/boobs.jpg,35
brace yourselves x is coming,https://meme.agsmartit.com/test/brace_yourselves_x_is_coming.jpg,35
brad pitt,https://meme.agsmartit.com/test/brad_pitt.jpg,35
brant rules,https://meme.agsmartit.com/test/brant_rules.jpg,35
broken heart,https://meme.agsmartit.com/test/broken_heart.jpg,36
brunette big smile,https://meme.agsmartit.com/test/brunette_big_smile.jpg,36
brunette concentrated,https://meme.agsmartit.com/test/brunette_concentrated.jpg,36
brunette crying,https://meme.agsmartit.com/test/brunette_crying.jpg,36
brunette dazed,https://meme.agsmartit.com/test/brunette_dazed.jpg,36
brunette determined,https://meme.agsmartit.com/test/brunette_determined.jpg,36
brunette dude,https://meme.agsmartit.com/test/brunette_dude.jpg,36
brunette dumbfounded,https://meme.agsmartit.com/test/brunette_dumbfounded.jpg,36
brunette ewbte,https://meme.agsmartit.com/test/brunette_ewbte.jpg,36
brunette excited,https://meme.agsmartit.com/test/brunette_excited.jpg,37
brunette excited bliss,https://meme.agsmartit.com/test/brunette_excited_bliss.jpg,37
brunette excited tears,https://meme.agsmartit.com/test/brunette_excited_tears.jpg,37
brunette facepalm,https://meme.agsmartit.com/test/brunette_facepalm.jpg,37
brunette fake smile,https://meme.agsmartit.com/test/brunette_fake_smile.jpg,37
brunette forever alone,https://meme.agsmartit.com/test/brunette_forever_alone.jpg,37
brunette freddie,https://meme.agsmartit.com/test/brunette_freddie.jpg,37
brunette fuck that bitch,https://meme.agsmartit.com/test/brunette_fuck_that_bitch.jpg,37
brunette fuck yeah,https://meme.agsmartit.com/test/brunette_fuck_yeah.jpg,37
brunette gasp,https://meme.agsmartit.com/test/brunette_gasp.jpg,38
brunette gasp2,https://meme.agsmartit.com/test/brunette_gasp2.jpg,38
brunette happy,https://meme.agsmartit.com/test/brunette_happy.jpg,38
brunette hmmm,https://meme.agsmartit.com/test/brunette_hmmm.jpg,38
brunette i wonder,https://meme.agsmartit.com/test/brunette_i_wonder.jpg,38
brunette ladystare,https://meme.agsmartit.com/test/brunette_ladystare.jpg,38
brunette ladystare2,https://meme.agsmartit.com/test/brunette_ladystare2.jpg,38
brunette lean,https://meme.agsmartit.com/test/brunette_lean.jpg,38
brunette lol,https://meme.agsmartit.com/test/brunette_lol.jpg,38
brunette me gusta,https://meme.agsmartit.com/test/brunette_me_gusta.jpg,39
brunette milk,https://meme.agsmartit.com/test/brunette_milk.jpg,39
brunette normal,https://meme.agsmartit.com/test/brunette_normal.jpg,39
brunette normal2,https://meme.agsmartit.com/test/brunette_normal2.jpg,39
brunette okay,https://meme.agsmartit.com/test/brunette_okay.jpg,39
brunette omgrun,https://meme.agsmartit.com/test/brunette_omgrun.jpg,39
brunette pfft,https://meme.agsmartit.com/test/brunette_pfft.jpg,39
brunette quite,https://meme.agsmartit.com/test/brunette_quite.jpg,39
brunette rage,https://meme.agsmartit.com/test/brunette_rage.jpg,39
brunette rage2,https://meme.agsmartit.com/test/brunette_rage2.jpg,40
brunette rage canadian,https://meme.agsmartit.com/test/brunette_rage_canadian.jpg,40
brunette rage extreme,https://meme.agsmartit.com/test/brunette_rage_extreme.jpg,40
brunette rage extreme2,https://meme.agsmartit.com/test/brunette_rage_extreme2.jpg,40
brunette rage foaming,https://meme.agsmartit.com/test/brunette_rage_foaming.jpg,40
brunette rage getting pissed,https://meme.agsmartit.com/test/brunette_rage_getting_pissed.jpg,40
brunette rage mad,https://meme.agsmartit.com/test/brunette_rage_mad.jpg,40
brunette rage mad2,https://meme.agsmartit.com/test/brunette_rage_mad2.jpg,40
brunette rage quiet,https://meme.agsmartit.com/test/brunette_rage_quiet.jpg,40
brunette rage shaking,https://meme.agsmartit.com/test/brunette_rage_shaking.jpg,41
brunette really determined,https://meme.agsmartit.com/test/brunette_really_determined.jpg,41
brunette red tongue,https://meme.agsmartit.com/test/brunette_red_tongue.jpg,41
brunette schlick,https://meme.agsmartit.com/test/brunette_schlick.jpg,41
brunette smile,https://meme.agsmartit.com/test/brunette_smile.jpg,41
brunette sweet tears,https://meme.agsmartit.com/test/brunette_sweet_tears.jpg,41
brunette tongue down,https://meme.agsmartit.com/test/brunette_tongue_down.jpg,41
brunette troll,https://meme.agsmartit.com/test/brunette_troll.jpg,41
brunette troll sad,https://meme.agsmartit.com/test/brunette_troll_sad.jpg,41
brunette what,https://meme.agsmartit.com/test/brunette_what.jpg,42
brunette why,https://meme.agsmartit.com/test/brunette_why.jpg,42
brunette why no hands,https://meme.agsmartit.com/test/brunette_why_no_hands.jpg,42
brunette wut,https://meme.agsmartit.com/test/brunette_wut.jpg,42
brunettehair,https://meme.agsmartit.com/test/brunettehair.jpg,42
business cat,https://meme.agsmartit.com/test/business_cat.jpg,42
butthurt dweller,https://meme.agsmartit.com/test/butthurt_dweller.jpg,42
canadian rage,https://meme.agsmartit.com/test/canadian_rage.jpg,42
cat chin,https://meme.agsmartit.com/test/cat_chin.jpg,42
cat cuteness overload,https://meme.agsmartit.com/test/cat_cuteness_overload.jpg,43
cat gasp,https://meme.agsmartit.com/test/cat_gasp.jpg,43
cereal guy,https://meme.agsmartit.com/test/cereal_guy.jpg,43
cereal guy angry,https://meme.agsmartit.com/test/cereal_guy_angry.jpg,43
cereal guy big squint,https://meme.agsmartit.com/test/cereal_guy_big_squint.jpg,43
cereal guy drink sip,https://meme.agsmartit.com/test/cereal_guy_drink_sip.jpg,43
cereal guy original,https://meme.agsmartit.com/test/cereal_guy_original.jpg,43
cereal guy spitting,https://meme.agsmartit.com/test/cereal_guy_spitting.jpg,43
cereal guy squint,https://meme.agsmartit.com/test/cereal_guy_squint.jpg,43
challenge accepted,https://meme.agsmartit.com/test/challenge_accepted.jpg,44
challenge accepted drunk,https://meme.agsmartit.com/test/challenge_accepted_drunk.jpg,44
challenge considered,https://meme.agsmartit.com/test/challenge_considered.jpg,44
challenge denied,https://meme.agsmartit.com/test/challenge_denied.jpg,44
challenge failed,https://meme.agsmartit.com/test/challenge_failed.jpg,44
chef hat,https://meme.agsmartit.com/test/chef_hat.jpg,44
chemistry cat,https://meme.agsmartit.com/test/chemistry_cat.jpg,44
chin strapping,https://meme.agsmartit.com/test/chin_strapping.jpg,44
classic rage,https://meme.agsmartit.com/test/classic_rage.jpg,44
clean everything,https://meme.agsmartit.com/test/clean_everything.jpg,45
clever girl,https://meme.agsmartit.com/test/clever_girl.jpg,45
college liberal,https://meme.agsmartit.com/test/college_liberal.jpg,45
computer slice,https://meme.agsmartit.com/test/computer_slice.jpg,45
computer stare,https://meme.agsmartit.com/test/computer_stare.jpg,45
concentrate,https://meme.agsmartit.com/test/concentrate.jpg,45
concentrated,https://meme.agsmartit.com/test/concentrated.jpg,45
concentrated teeth,https://meme.agsmartit.com/test/concentrated_teeth.jpg,45
conflicting emotions,https://meme.agsmartit.com/test/conflicting_emotions.jpg,45
conspiracy keanu,https://meme.agsmartit.com/test/conspiracy_keanu.jpg,46
cook fap,https://meme.agsmartit.com/test/cook_fap.jpg,46
courage wolf,https://meme.agsmartit.com/test/courage_wolf.jpg,46
crazy rage,https://meme.agsmartit.com/test/crazy_rage.jpg,46
creepy dark,https://meme.agsmartit.com/test/creepy_dark.jpg,46
creepy glasses guy,https://meme.agsmartit.com/test/creepy_glasses_guy.jpg,46
creepy troll,https://meme.agsmartit.com/test/creepy_troll.jpg,46
cry pc,https://meme.agsmartit.com/test/cry_pc.jpg,46
crying,https://meme.agsmartit.com/test/crying.jpg,46
cute kid,https://meme.agsmartit.com/test/cute_kid.jpg,47
cute little kid,https://meme.agsmartit.com/test/cute_little_kid.jpg,47
cuteness overload,https://meme.agsmartit.com/test/cuteness_overload.jpg,47
cuteness overload 2,https://meme.agsmartit.com/test/cuteness_overload_2.jpg,47
daily lie,https://meme.agsmartit.com/test/daily_lie.jpg,47
damn,https://meme.agsmartit.com/test/damn.jpg,47
dat ash,https://meme.agsmartit.com/test/dat_ash.jpg,47
dat ass,https://meme.agsmartit.com/test/dat_ass.jpg,47
dating site murderer,https://meme.agsmartit.com/test/dating_site_murderer.jpg,47
day four,https://meme.agsmartit.com/test/day_four.jpg,48
day three,https://meme.agsmartit.com/test/day_three.jpg,48
day two,https://meme.agsmartit.com/test/day_two.jpg,48
depression dog,https://meme.agsmartit.com/test/depression_dog.jpg,48
derp gusta,https://meme.agsmartit.com/test/derp_gusta.jpg,48
derpina,https://meme.agsmartit.com/test/derpina.jpg,48
derpina eyes closed,https://meme.agsmartit.com/test/derpina_eyes_closed.jpg,48
desk flip,https://meme.agsmartit.com/test/desk%20flip.jpg,48
desk flip,https://meme.agsmartit.com/test/desk_flip.jpg,48
devil,https://meme.agsmartit.com/test/devil.jpg,49
disaster girl,https://meme.agsmartit.com/test/disaster_girl.jpg,49
dog wetodd,https://meme.agsmartit.com/test/dog_wetodd.jpg,49
dolan,https://meme.agsmartit.com/test/dolan.jpg,49
double facepalm,https://meme.agsmartit.com/test/double_facepalm.jpg,49
drinkin coke,https://meme.agsmartit.com/test/drinkin_coke.jpg,49
drunk baby,https://meme.agsmartit.com/test/drunk_baby.jpg,49
duck yeah,https://meme.agsmartit.com/test/duck_yeah.jpg,49
duckface,https://meme.agsmartit.com/test/duckface.jpg,49
dude,https://meme.agsmartit.com/test/dude.jpg,50
dude come on,https://meme.agsmartit.com/test/dude_come_on.jpg,50
dwight schrute,https://meme.agsmartit.com/test/dwight_schrute.jpg,50
efl troll face,https://meme.agsmartit.com/test/efl_troll_face.jpg,50
eight hours later,https://meme.agsmartit.com/test/eight_hours_later.jpg,50
embrace pc,https://meme.agsmartit.com/test/embrace_pc.jpg,50
epic win,https://meme.agsmartit.com/test/epic_win.jpg,50
eventually,https://meme.agsmartit.com/test/eventually.jpg,50
everything is beatiful,https://meme.agsmartit.com/test/everything_is_beatiful.jpg,50
everything went better,https://meme.agsmartit.com/test/everything_went_better.jpg,51
evil cows,https://meme.agsmartit.com/test/evil_cows.jpg,51
evil smile,https://meme.agsmartit.com/test/evil_smile.jpg,51
eye half closed,https://meme.agsmartit.com/test/eye_half_closed.jpg,51
eyebrow look,https://meme.agsmartit.com/test/eyebrow_look.jpg,51
fabulous,https://meme.agsmartit.com/test/fabulous.jpg,51
face mustache,https://meme.agsmartit.com/test/face_mustache.jpg,51
facepalm,https://meme.agsmartit.com/test/facepalm.jpg,51
facepalm female,https://meme.agsmartit.com/test/facepalm_female.jpg,51
facepalm picard,https://meme.agsmartit.com/test/facepalm_picard.jpg,52
faces together,https://meme.agsmartit.com/test/faces_together.jpg,52
fap,https://meme.agsmartit.com/test/fap.jpg,52
fap accepted,https://meme.agsmartit.com/test/fap_accepted.jpg,52
fap gentleman,https://meme.agsmartit.com/test/fap_gentleman.jpg,52
fap schlick female,https://meme.agsmartit.com/test/fap_schlick_female.jpg,52
fap scream,https://meme.agsmartit.com/test/fap_scream.jpg,52
feel like a ninja,https://meme.agsmartit.com/test/feel_like_a_ninja.jpg,52
feels good man,https://meme.agsmartit.com/test/feels_good_man.jpg,52
female aww yeah,https://meme.agsmartit.com/test/female_aww_yeah.jpg,53
female rage,https://meme.agsmartit.com/test/female_rage.jpg,53
female seriously glasses,https://meme.agsmartit.com/test/female_seriously_glasses.jpg,53
fffffffuuuuuuuuuuuu,https://meme.agsmartit.com/test/fffffffuuuuuuuuuuuu.jpg,53
first world problems,https://meme.agsmartit.com/test/first_world_problems.jpg,53
forever a gamer,https://meme.agsmartit.com/test/forever_a_gamer.jpg,53
forever alone,https://meme.agsmartit.com/test/forever_alone.jpg,53
forever alone clean,https://meme.agsmartit.com/test/forever_alone_clean.jpg,53
forever alone computer,https://meme.agsmartit.com/test/forever_alone_computer.jpg,53
forever alone face only,https://meme.agsmartit.com/test/forever_alone_face_only.jpg,54
forever alone happy,https://meme.agsmartit.com/test/forever_alone_happy.jpg,54
forever alone pirate,https://meme.agsmartit.com/test/forever_alone_pirate.jpg,54
forever alone sad,https://meme.agsmartit.com/test/forever_alone_sad.jpg,54
forever alone together,https://meme.agsmartit.com/test/forever_alone_together.jpg,54
foul bachelor frog,https://meme.agsmartit.com/test/foul_bachelor_frog.jpg,54
foul bachelorette frog,https://meme.agsmartit.com/test/foul_bachelorette_frog.jpg,54
freddie girl,https://meme.agsmartit.com/test/freddie_girl.jpg,54
freddie mercury,https://meme.agsmartit.com/test/freddie_mercury.jpg,54
french,https://meme.agsmartit.com/test/french.jpg,55
frogman,https://meme.agsmartit.com/test/frogman.jpg,55
frogman happy,https://meme.agsmartit.com/test/frogman_happy.jpg,55
frogman sad,https://meme.agsmartit.com/test/frogman_sad.jpg,55
frown,https://meme.agsmartit.com/test/frown.jpg,55
fsjal,https://meme.agsmartit.com/test/fsjal.jpg,55
fuck-you-oragutan,https://meme.agsmartit.com/test/fuck-you-oragutan.jpg,55
fuck that,https://meme.agsmartit.com/test/fuck_that.jpg,55
fuck that bitch yao pff,https://meme.agsmartit.com/test/fuck_that_bitch_yao_pff.jpg,55
fuck that shit female,https://meme.agsmartit.com/test/fuck_that_shit_female.jpg,56
fuck that yao ming,https://meme.agsmartit.com/test/fuck_that_yao_ming.jpg,56
fuck yeah,https://meme.agsmartit.com/test/fuck_yeah.jpg,56
fuck yeah clean,https://meme.agsmartit.com/test/fuck_yeah_clean.jpg,56
fuck yeah close enough,https://meme.agsmartit.com/test/fuck_yeah_close_enough.jpg,56
fuck yeah danny trejo,https://meme.agsmartit.com/test/fuck_yeah_danny_trejo.jpg,56
fuck yeah melvin,https://meme.agsmartit.com/test/fuck_yeah_melvin.jpg,56
fuck yeah smile,https://meme.agsmartit.com/test/fuck_yeah_smile.jpg,56
fuck you,https://meme.agsmartit.com/test/fuck_you.jpg,56
fus ro dah,https://meme.agsmartit.com/test/fus_ro_dah.jpg,57
futurama fry,https://meme.agsmartit.com/test/futurama_fry.jpg,57
futurama zoidberg,https://meme.agsmartit.com/test/futurama_zoidberg.jpg,57
fuuu,https://meme.agsmartit.com/test/fuuu.jpg,57
fuuu karma,https://meme.agsmartit.com/test/fuuu_karma.jpg,57
gasp,https://meme.agsmartit.com/test/gasp.jpg,57
gaspcat with glasses,https://meme.agsmartit.com/test/gaspcat_with_glasses.jpg,57
gay,https://meme.agsmartit.com/test/gay.jpg,57
genius,https://meme.agsmartit.com/test/genius.jpg,57
gentleman troll,https://meme.agsmartit.com/test/gentleman_troll.jpg,58
gentlemen,https://meme.agsmartit.com/test/gentlemen.jpg,58
glory pc,https://meme.agsmartit.com/test/glory_pc.jpg,58
go fuck yourself,https://meme.agsmartit.com/test/go_fuck_yourself.jpg,58
good guy greg,https://meme.agsmartit.com/test/good_guy_greg.jpg,58
good troll,https://meme.agsmartit.com/test/good_troll.jpg,58
got a badass,https://meme.agsmartit.com/test/got_a_badass.jpg,58
got a badass full,https://meme.agsmartit.com/test/got_a_badass_full.jpg,58
grandma,https://meme.agsmartit.com/test/grandma.jpg,58
grandma finds the internet,https://meme.agsmartit.com/test/grandma_finds_the_internet.jpg,59
grin,https://meme.agsmartit.com/test/grin.jpg,59
grinch,https://meme.agsmartit.com/test/grinch.jpg,59
gtfo,https://meme.agsmartit.com/test/gtfo.jpg,59
gtfo clean,https://meme.agsmartit.com/test/gtfo_clean.jpg,59
gtfo smile,https://meme.agsmartit.com/test/gtfo_smile.jpg,59
ha,https://meme.agsmartit.com/test/ha.jpg,59
hah gay,https://meme.agsmartit.com/test/hah%20gay.jpg,59
hah gay,https://meme.agsmartit.com/test/hah_gay.jpg,59
happy female,https://meme.agsmartit.com/test/happy_female.jpg,60
happy smile,https://meme.agsmartit.com/test/happy_smile.jpg,60
happy smoking,https://meme.agsmartit.com/test/happy_smoking.jpg,60
happy winter,https://meme.agsmartit.com/test/happy_winter.jpg,60
happy yes,https://meme.agsmartit.com/test/happy_yes.jpg,60
hat and monocle,https://meme.agsmartit.com/test/hat_and_monocle.jpg,60
haters gonna hate,https://meme.agsmartit.com/test/haters_gonna_hate.jpg,60
hawkward,https://meme.agsmartit.com/test/hawkward.jpg,60
he he,https://meme.agsmartit.com/test/he_he.jpg,60
headphones,https://meme.agsmartit.com/test/headphones.jpg,61
helpful tyler durden,https://meme.agsmartit.com/test/helpful_tyler_durden.jpg,61
herp,https://meme.agsmartit.com/test/herp.jpg,61
herp derp,https://meme.agsmartit.com/test/herp_derp.jpg,61
hey,https://meme.agsmartit.com/test/hey.jpg,61
high,https://meme.agsmartit.com/test/high.jpg,61
high expectations asian father,https://meme.agsmartit.com/test/high_expectations_asian_father.jpg,61
hipster glasses,https://meme.agsmartit.com/test/hipster_glasses.jpg,61
hipster kitty,https://meme.agsmartit.com/test/hipster_kitty.jpg,61
hipsterglasses,https://meme.agsmartit.com/test/hipsterglasses.jpg,62
hitler,https://meme.agsmartit.com/test/hitler.jpg,62
hmmm,https://meme.agsmartit.com/test/hmmm.jpg,62
horror,https://meme.agsmartit.com/test/horror.jpg,62
hot chick,https://meme.agsmartit.com/test/hot_chick.jpg,62
huh,https://meme.agsmartit.com/test/huh.jpg,62
huhm,https://meme.agsmartit.com/test/huhm.jpg,62
hurrr,https://meme.agsmartit.com/test/hurrr.jpg,62
hyper troll,https://meme.agsmartit.com/test/hyper_troll.jpg,62
i-agree - Copy,https://meme.agsmartit.com/test/i-agree%20-%20Copy.jpg,63
iPhone-5-Funny-Memes-HD-Wallpaper,https://meme.agsmartit.com/test/iPhone-5-Funny-Memes-HD-Wallpaper.jpg,63
i am determined,https://meme.agsmartit.com/test/i_am_determined.jpg,63
i feels yah,https://meme.agsmartit.com/test/i_feels_yah.jpg,63
i know what you did there clean,https://meme.agsmartit.com/test/i_know_what_you_did_there_clean.jpg,63
i lied,https://meme.agsmartit.com/test/i_lied.jpg,63
i lied black,https://meme.agsmartit.com/test/i_lied_black.jpg,63
i lied light,https://meme.agsmartit.com/test/i_lied_light.jpg,63
i regret nothing,https://meme.agsmartit.com/test/i_regret_nothing.jpg,63
i see what you did there,https://meme.agsmartit.com/test/i_see_what_you_did_there.jpg,64
i truthed,https://meme.agsmartit.com/test/i_truthed.jpg,64
ich mag gusta,https://meme.agsmartit.com/test/ich_mag_gusta.jpg,64
if you know what i mean mr bean,https://meme.agsmartit.com/test/if_you_know_what_i_mean_mr_bean.jpg,64
if you know what i mean mr bean blank,https://meme.agsmartit.com/test/if_you_know_what_i_mean_mr_bean_blank.jpg,64
im watching u,https://meme.agsmartit.com/test/im%20watching%20u.jpg,64
im watching u,https://meme.agsmartit.com/test/im_watching_u.jpg,64
impossibru,https://meme.agsmartit.com/test/impossibru.jpg,64
indeed,https://meme.agsmartit.com/test/indeed.jpg,64
inglip,https://meme.agsmartit.com/test/inglip.jpg,65
inglip full body,https://meme.agsmartit.com/test/inglip_full_body.jpg,65
inglip full body2,https://meme.agsmartit.com/test/inglip_full_body2.jpg,65
inglip gropaga1,https://meme.agsmartit.com/test/inglip_gropaga1.jpg,65
inglip gropaga2,https://meme.agsmartit.com/test/inglip_gropaga2.jpg,65
inglip gropaga3,https://meme.agsmartit.com/test/inglip_gropaga3.jpg,65
inglip gropaga4,https://meme.agsmartit.com/test/inglip_gropaga4.jpg,65
inglip gropaga5,https://meme.agsmartit.com/test/inglip_gropaga5.jpg,65
inglip gropaga6,https://meme.agsmartit.com/test/inglip_gropaga6.jpg,65
inglip gropaga7,https://meme.agsmartit.com/test/inglip_gropaga7.jpg,66
inglip gropaga amazed,https://meme.agsmartit.com/test/inglip_gropaga_amazed.jpg,66
inglip gropaga blank,https://meme.agsmartit.com/test/inglip_gropaga_blank.jpg,66
inglip gropaga front,https://meme.agsmartit.com/test/inglip_gropaga_front.jpg,66
inglip gropaga okay,https://meme.agsmartit.com/test/inglip_gropaga_okay.jpg,66
inglip gropaga why,https://meme.agsmartit.com/test/inglip_gropaga_why.jpg,66
inglip hail inglip,https://meme.agsmartit.com/test/inglip_hail_inglip.jpg,66
inglip hood1,https://meme.agsmartit.com/test/inglip_hood1.jpg,66
inglip hood2,https://meme.agsmartit.com/test/inglip_hood2.jpg,66
inglip ircip,https://meme.agsmartit.com/test/inglip_ircip.jpg,67
inglip ready to battle,https://meme.agsmartit.com/test/inglip_ready_to_battle.jpg,67
insanity wolf,https://meme.agsmartit.com/test/insanity_wolf.jpg,67
its free,https://meme.agsmartit.com/test/its_free.jpg,67
its not okay,https://meme.agsmartit.com/test/its_not_okay.jpg,67
its something,https://meme.agsmartit.com/test/its_something.jpg,67
jackie chan,https://meme.agsmartit.com/test/jackie_chan.jpg,67
jealous girl,https://meme.agsmartit.com/test/jealous_girl.jpg,67
jesus,https://meme.agsmartit.com/test/jesus.jpg,67
jesus dog,https://meme.agsmartit.com/test/jesus_dog.jpg,68
john cena,https://meme.agsmartit.com/test/john_cena.jpg,68
joseph ducreux,https://meme.agsmartit.com/test/joseph_ducreux.jpg,68
keyboard break,https://meme.agsmartit.com/test/keyboard_break.jpg,68
kill.gif,https://meme.agsmartit.com/test/kill.gif,68
killed a man,https://meme.agsmartit.com/test/killed_a_man.jpg,68
kitteh smile,https://meme.agsmartit.com/test/kitteh_smile.jpg,68
knife self,https://meme.agsmartit.com/test/knife_self.jpg,68
knowthatfeel,https://meme.agsmartit.com/test/knowthatfeel.jpg,68
koala cant believe,https://meme.agsmartit.com/test/koala_cant_believe.jpg,69
la di da,https://meme.agsmartit.com/test/la_di_da.jpg,69
lame pun coon,https://meme.agsmartit.com/test/lame_pun_coon.jpg,69
later 1,https://meme.agsmartit.com/test/later_1.jpg,69
later 2,https://meme.agsmartit.com/test/later_2.jpg,69
later that evening,https://meme.agsmartit.com/test/later_that_evening.jpg,69
lazy college senior,https://meme.agsmartit.com/test/lazy_college_senior.jpg,69
le fu,https://meme.agsmartit.com/test/le_fu.jpg,69
lesquee,https://meme.agsmartit.com/test/lesquee.jpg,69
like a liege,https://meme.agsmartit.com/test/like_a_liege.jpg,70
like a sir,https://meme.agsmartit.com/test/like_a_sir.jpg,70
little kid,https://meme.agsmartit.com/test/little_kid.jpg,70
little longer than a few,https://meme.agsmartit.com/test/little_longer_than_a_few.jpg,70
lol,https://meme.agsmartit.com/test/lol.jpg,70
lol crazy,https://meme.agsmartit.com/test/lol_crazy.jpg,70
long long neck surprise,https://meme.agsmartit.com/test/long_long_neck_surprise.jpg,70
look from bottom,https://meme.agsmartit.com/test/look_from_bottom.jpg,70
lovely face,https://meme.agsmartit.com/test/lovely_face.jpg,70
man crying,https://meme.agsmartit.com/test/man_crying.jpg,71
me culpa,https://meme.agsmartit.com/test/me_culpa.jpg,71
me gangsta,https://meme.agsmartit.com/test/me_gangsta.jpg,71
me gusta,https://meme.agsmartit.com/test/me_gusta.jpg,71
me gusta creepy,https://meme.agsmartit.com/test/me_gusta_creepy.jpg,71
me gusta makeup,https://meme.agsmartit.com/test/me_gusta_makeup.jpg,71
me gusta problemo,https://meme.agsmartit.com/test/me_gusta_problemo.jpg,71
mega rage,https://meme.agsmartit.com/test/mega_rage.jpg,71
meh cat,https://meme.agsmartit.com/test/meh_cat.jpg,71
melvin,https://meme.agsmartit.com/test/melvin.jpg,72
meme UI colorido.png,https://meme.agsmartit.com/test/meme%20UI%20colorido.png,72
meme uii.png,https://meme.agsmartit.com/test/meme%20uii.png,72
memes-10,https://meme.agsmartit.com/test/memes-10.jpg,72
midnight,https://meme.agsmartit.com/test/midnight.jpg,72
milk,https://meme.agsmartit.com/test/milk.jpg,72
monocle,https://meme.agsmartit.com/test/monocle.jpg,72
mother-of-god-meme,https://meme.agsmartit.com/test/mother-of-god-meme.jpg,72
mother of god,https://meme.agsmartit.com/test/mother_of_god.jpg,72
mother of god annoyed,https://meme.agsmartit.com/test/mother_of_god_annoyed.jpg,73
mother of gusta,https://meme.agsmartit.com/test/mother_of_gusta.jpg,73
mouth wide open,https://meme.agsmartit.com/test/mouth_wide_open.jpg,73
much later,https://meme.agsmartit.com/test/much_later.jpg,73
much much later,https://meme.agsmartit.com/test/much_much_later.jpg,73
much much later 2,https://meme.agsmartit.com/test/much_much_later_2.jpg,73
much much much later,https://meme.agsmartit.com/test/much_much_much_later.jpg,73
music shit,https://meme.agsmartit.com/test/music_shit.jpg,73
musically oblivious 8th grader,https://meme.agsmartit.com/test/musically_oblivious_8th_grader.jpg,73
must resist,https://meme.agsmartit.com/test/must_resist.jpg,74
nerd,https://meme.agsmartit.com/test/nerd.jpg,74
nerd rainbow puke,https://meme.agsmartit.com/test/nerd_rainbow_puke.jpg,74
net noob,https://meme.agsmartit.com/test/net_noob.jpg,74
never alone,https://meme.agsmartit.com/test/never_alone.jpg,74
newspaper guy,https://meme.agsmartit.com/test/newspaper_guy.jpg,74
newspaper guy tear,https://meme.agsmartit.com/test/newspaper_guy_tear.jpg,74
next day,https://meme.agsmartit.com/test/next_day.jpg,74
next day 2,https://meme.agsmartit.com/test/next_day_2.jpg,75
no me gusta,https://meme.agsmartit.com/test/no_me_gusta.jpg,75
nokia,https://meme.agsmartit.com/test/nokia.jpg,75
nope,https://meme.agsmartit.com/test/nope.jpg,75
not giving a fuck,https://meme.agsmartit.com/test/not_giving_a_fuck.jpg,75
not okay smile,https://meme.agsmartit.com/test/not_okay_smile.jpg,75
not sure if gusta,https://meme.agsmartit.com/test/not_sure_if_gusta.jpg,75
nothing to do here,https://meme.agsmartit.com/test/nothing_to_do_here.jpg,75
now kiss,https://meme.agsmartit.com/test/now_kiss.jpg,75
nuclear rage,https://meme.agsmartit.com/test/nuclear_rage.jpg,75
numb,https://meme.agsmartit.com/test/numb.jpg,76
obama michelle not bad,https://meme.agsmartit.com/test/obama_michelle_not_bad.jpg,76
obama not bad,https://meme.agsmartit.com/test/obama_not_bad.jpg,76
objection,https://meme.agsmartit.com/test/objection.jpg,76
oh,https://meme.agsmartit.com/test/oh.jpg,76
oh god,https://meme.agsmartit.com/test/oh_god.jpg,76
oh god why,https://meme.agsmartit.com/test/oh_god_why.jpg,76
oh my goodness,https://meme.agsmartit.com/test/oh_my_goodness.jpg,76
oh no,https://meme.agsmartit.com/test/oh_no.jpg,76
oh shit,https://meme.agsmartit.com/test/oh_shit.jpg,77
oh you,https://meme.agsmartit.com/test/oh_you.jpg,77
oh you so cute,https://meme.agsmartit.com/test/oh_you_so_cute.jpg,77
ohhh yes,https://meme.agsmartit.com/test/ohhh_yes.jpg,77
ohhh yes front,https://meme.agsmartit.com/test/ohhh_yes_front.jpg,77
ohhhla,https://meme.agsmartit.com/test/ohhhla.jpg,77
okay clean,https://meme.agsmartit.com/test/okay_clean.jpg,77
okay gusta,https://meme.agsmartit.com/test/okay_gusta.jpg,77
okay guy,https://meme.agsmartit.com/test/okay_guy.jpg,77
okay guy backgrounded,https://meme.agsmartit.com/test/okay_guy_backgrounded.jpg,78
okay guy no,https://meme.agsmartit.com/test/okay_guy_no.jpg,78
okay pfftch,https://meme.agsmartit.com/test/okay_pfftch.jpg,78
omega rage,https://meme.agsmartit.com/test/omega_rage.jpg,78
omega troll,https://meme.agsmartit.com/test/omega_troll.jpg,78
omg run,https://meme.agsmartit.com/test/omg_run.jpg,78
one does not simply,https://meme.agsmartit.com/test/one_does_not_simply.jpg,78
one eternity later,https://meme.agsmartit.com/test/one_eternity_later.jpg,78
one hour later,https://meme.agsmartit.com/test/one_hour_later.jpg,78
one week later,https://meme.agsmartit.com/test/one_week_later.jpg,79
ordinary muslim man,https://meme.agsmartit.com/test/ordinary_muslim_man.jpg,79
original rage,https://meme.agsmartit.com/test/original_rage.jpg,79
paranoid parrot,https://meme.agsmartit.com/test/paranoid_parrot.jpg,79
pedobear,https://meme.agsmartit.com/test/pedobear.jpg,79
pedobear backgrounded,https://meme.agsmartit.com/test/pedobear_backgrounded.jpg,79
pedobear coming,https://meme.agsmartit.com/test/pedobear_coming.jpg,79
pfffftch 2,https://meme.agsmartit.com/test/pfffftch_2.jpg,79
pfffftch 3,https://meme.agsmartit.com/test/pfffftch_3.jpg,79
pfffrrr,https://meme.agsmartit.com/test/pfffrrr.jpg,80
pfftch,https://meme.agsmartit.com/test/pfftch.jpg,80
pfftttch,https://meme.agsmartit.com/test/pfftttch.jpg,80
philosoraptor,https://meme.agsmartit.com/test/philosoraptor.jpg,80
photogenic guy,https://meme.agsmartit.com/test/photogenic_guy.jpg,80
pick up boy,https://meme.agsmartit.com/test/pick_up_boy.jpg,80
pick up boy 2,https://meme.agsmartit.com/test/pick_up_boy_2.jpg,80
pick up boy strikes,https://meme.agsmartit.com/test/pick_up_boy_strikes.jpg,80
pick up boy with girl,https://meme.agsmartit.com/test/pick_up_boy_with_girl.jpg,80
pickup line panda,https://meme.agsmartit.com/test/pickup_line_panda.jpg,81
pig rage,https://meme.agsmartit.com/test/pig_rage.jpg,81
pirate,https://meme.agsmartit.com/test/pirate.jpg,81
pleaseguy,https://meme.agsmartit.com/test/pleaseguy.jpg,81
poker face 3,https://meme.agsmartit.com/test/poker_face_3.jpg,81
pokerface,https://meme.agsmartit.com/test/pokerface.jpg,81
pokerface 2,https://meme.agsmartit.com/test/pokerface_2.jpg,81
pokerface 2 clean,https://meme.agsmartit.com/test/pokerface_2_clean.jpg,81
pokerface clean,https://meme.agsmartit.com/test/pokerface_clean.jpg,81
portal rainbows,https://meme.agsmartit.com/test/portal_rainbows.jpg,82
possibru,https://meme.agsmartit.com/test/possibru.jpg,82
pretty badass,https://meme.agsmartit.com/test/pretty_badass.jpg,82
problem guy,https://meme.agsmartit.com/test/problem_guy.jpg,82
problemo,https://meme.agsmartit.com/test/problemo.jpg,82
provincial man,https://meme.agsmartit.com/test/provincial_man.jpg,82
psssyeah,https://meme.agsmartit.com/test/psssyeah.jpg,82
questioning,https://meme.agsmartit.com/test/questioning.jpg,82
quiet rage,https://meme.agsmartit.com/test/quiet_rage.jpg,82
rage cat,https://meme.agsmartit.com/test/rage_cat.jpg,83
rage eyes,https://meme.agsmartit.com/test/rage_eyes.jpg,83
rage fu,https://meme.agsmartit.com/test/rage_fu.jpg,83
rainbow out the eyes,https://meme.agsmartit.com/test/rainbow_out_the_eyes.jpg,83
rainbow puke,https://meme.agsmartit.com/test/rainbow_puke.jpg,83
reaction guy,https://meme.agsmartit.com/test/reaction_guy.jpg,83
real life,https://meme.agsmartit.com/test/real_life.jpg,83
realism troll,https://meme.agsmartit.com/test/realism_troll.jpg,83
red big smile,https://meme.agsmartit.com/test/red_big_smile.jpg,83
red concentrated,https://meme.agsmartit.com/test/red_concentrated.jpg,84
red crying,https://meme.agsmartit.com/test/red_crying.jpg,84
red dazed,https://meme.agsmartit.com/test/red_dazed.jpg,84
red determined,https://meme.agsmartit.com/test/red_determined.jpg,84
red dude,https://meme.agsmartit.com/test/red_dude.jpg,84
red dumbfounded,https://meme.agsmartit.com/test/red_dumbfounded.jpg,84
red ewbte,https://meme.agsmartit.com/test/red_ewbte.jpg,84
red excited,https://meme.agsmartit.com/test/red_excited.jpg,84
red excited bliss,https://meme.agsmartit.com/test/red_excited_bliss.jpg,84
red excited tears,https://meme.agsmartit.com/test/red_excited_tears.jpg,85
red facepalm,https://meme.agsmartit.com/test/red_facepalm.jpg,85
red fake smile,https://meme.agsmartit.com/test/red_fake_smile.jpg,85
red forever alone,https://meme.agsmartit.com/test/red_forever_alone.jpg,85
red freddie,https://meme.agsmartit.com/test/red_freddie.jpg,85
red fuck that bitch,https://meme.agsmartit.com/test/red_fuck_that_bitch.jpg,85
red fuck yeah,https://meme.agsmartit.com/test/red_fuck_yeah.jpg,85
red gasp,https://meme.agsmartit.com/test/red_gasp.jpg,85
red gasp2,https://meme.agsmartit.com/test/red_gasp2.jpg,85
red happy,https://meme.agsmartit.com/test/red_happy.jpg,86
red hmmm,https://meme.agsmartit.com/test/red_hmmm.jpg,86
red i wonder,https://meme.agsmartit.com/test/red_i_wonder.jpg,86
red ladystare,https://meme.agsmartit.com/test/red_ladystare.jpg,86
red ladystare2,https://meme.agsmartit.com/test/red_ladystare2.jpg,86
red lean,https://meme.agsmartit.com/test/red_lean.jpg,86
red lol,https://meme.agsmartit.com/test/red_lol.jpg,86
red me gusta,https://meme.agsmartit.com/test/red_me_gusta.jpg,86
red milk,https://meme.agsmartit.com/test/red_milk.jpg,86
red normal,https://meme.agsmartit.com/test/red_normal.jpg,87
red normal2,https://meme.agsmartit.com/test/red_normal2.jpg,87
red okay,https://meme.agsmartit.com/test/red_okay.jpg,87
red omgrun,https://meme.agsmartit.com/test/red_omgrun.jpg,87
red pfft,https://meme.agsmartit.com/test/red_pfft.jpg,87
red quite,https://meme.agsmartit.com/test/red_quite.jpg,87
red rage,https://meme.agsmartit.com/test/red_rage.jpg,87
red rage2,https://meme.agsmartit.com/test/red_rage2.jpg,87
red rage canadian,https://meme.agsmartit.com/test/red_rage_canadian.jpg,87
red rage extreme,https://meme.agsmartit.com/test/red_rage_extreme.jpg,88
red rage extreme2,https://meme.agsmartit.com/test/red_rage_extreme2.jpg,88
red rage foaming,https://meme.agsmartit.com/test/red_rage_foaming.jpg,88
red rage getting pissed,https://meme.agsmartit.com/test/red_rage_getting_pissed.jpg,88
red rage mad,https://meme.agsmartit.com/test/red_rage_mad.jpg,88
red rage mad2,https://meme.agsmartit.com/test/red_rage_mad2.jpg,88
red rage quiet,https://meme.agsmartit.com/test/red_rage_quiet.jpg,88
red rage shaking,https://meme.agsmartit.com/test/red_rage_shaking.jpg,88
red rage super,https://meme.agsmartit.com/test/red_rage_super.jpg,88
red really determined,https://meme.agsmartit.com/test/red_really_determined.jpg,89
red red tongue,https://meme.agsmartit.com/test/red_red_tongue.jpg,89
red schlick,https://meme.agsmartit.com/test/red_schlick.jpg,89
red smile,https://meme.agsmartit.com/test/red_smile.jpg,89
red sweet tears,https://meme.agsmartit.com/test/red_sweet_tears.jpg,89
red tongue,https://meme.agsmartit.com/test/red_tongue.jpg,89
red tongue down,https://meme.agsmartit.com/test/red_tongue_down.jpg,89
red troll,https://meme.agsmartit.com/test/red_troll.jpg,89
red troll sad,https://meme.agsmartit.com/test/red_troll_sad.jpg,89
red what,https://meme.agsmartit.com/test/red_what.jpg,90
red why,https://meme.agsmartit.com/test/red_why.jpg,90
red why no hands,https://meme.agsmartit.com/test/red_why_no_hands.jpg,90
red wut,https://meme.agsmartit.com/test/red_wut.jpg,90
redditors wife,https://meme.agsmartit.com/test/redditors_wife.jpg,90
redhair,https://meme.agsmartit.com/test/redhair.jpg,90
redneck randal,https://meme.agsmartit.com/test/redneck_randal.jpg,90
render cod 6 mw2.png,https://meme.agsmartit.com/test/render_cod_6_mw2.png,90
ridiciously photogenic metalhead,https://meme.agsmartit.com/test/ridiciously_photogenic_metalhead.jpg,90
rly clean everything,https://meme.agsmartit.com/test/rly_clean_everything.jpg,91
royal wedding girl,https://meme.agsmartit.com/test/royal_wedding_girl.jpg,91
sad,https://meme.agsmartit.com/test/sad.jpg,91
sad computer,https://meme.agsmartit.com/test/sad_computer.jpg,91
sad melvin,https://meme.agsmartit.com/test/sad_melvin.jpg,91
sad shadow,https://meme.agsmartit.com/test/sad_shadow.jpg,91
sad sitting,https://meme.agsmartit.com/test/sad_sitting.jpg,91
sad troll face,https://meme.agsmartit.com/test/sad_troll_face.jpg,91
sad why,https://meme.agsmartit.com/test/sad_why.jpg,91
sarcasm,https://meme.agsmartit.com/test/sarcasm.jpg,92
scared yao,https://meme.agsmartit.com/test/scared_yao.jpg,92
scroll scroll,https://meme.agsmartit.com/test/scroll_scroll.jpg,92
scumbag girl,https://meme.agsmartit.com/test/scumbag%20girl.jpg,92
scumbag brain,https://meme.agsmartit.com/test/scumbag_brain.jpg,92
scumbag cap,https://meme.agsmartit.com/test/scumbag_cap.jpg,92
scumbag steve,https://meme.agsmartit.com/test/scumbag_steve.jpg,92
